max_depth,min_samples_split,min_samples_leaf,max_features,rmse
5,10,1,5,1817845.2515210372
5,10,5,5,1819363.2249282296
5,2,5,5,1819540.797414335
5,2,1,5,1819766.0671793048
