max_depth,min_samples_split,min_samples_leaf,max_features,rmse
5,2,1,5,2.0464673325208866
5,10,1,5,2.084235808539993
5,10,5,5,2.1141255912384906
5,2,5,5,2.5559482852349182
